timeStamp,elapsed,label,responseCode,responseMessage,threadName,dataType,success,failureMessage,bytes,sentBytes,grpThreads,allThreads,URL,Latency,IdleTime,Connect
1681289494701,456,HTTP Request Get Attachment,200,,Thread Group Login And View Detail 1-13,text,true,,1688,220,59,59,https://jira-9.aandd.io/rest/api/2/attachment/10102,455,0,294
1681289494919,238,HTTP Request Get Attachment,200,,Thread Group Login And View Detail 1-35,text,true,,1682,220,59,59,https://jira-9.aandd.io/rest/api/2/attachment/10102,237,0,77
1681289494869,288,HTTP Request Get Attachment,200,,Thread Group Login And View Detail 1-27,text,true,,1688,220,59,59,https://jira-9.aandd.io/rest/api/2/attachment/10102,288,0,124
1681289494684,473,HTTP Request Get Attachment,200,,Thread Group Login And View Detail 1-11,text,true,,1683,220,59,59,https://jira-9.aandd.io/rest/api/2/attachment/10102,473,0,315
1681289494701,456,HTTP Request Get Attachment,200,,Thread Group Login And View Detail 1-13,text,true,,1688,220,59,59,https://jira-9.aandd.io/rest/api/2/attachment/10102,455,0,294
1681289494684,473,HTTP Request Get Attachment,200,,Thread Group Login And View Detail 1-11,text,true,,1683,220,59,59,https://jira-9.aandd.io/rest/api/2/attachment/10102,473,0,315
1681289494869,288,HTTP Request Get Attachment,200,,Thread Group Login And View Detail 1-27,text,true,,1688,220,59,59,https://jira-9.aandd.io/rest/api/2/attachment/10102,288,0,124
1681289494919,238,HTTP Request Get Attachment,200,,Thread Group Login And View Detail 1-35,text,true,,1682,220,59,59,https://jira-9.aandd.io/rest/api/2/attachment/10102,237,0,77
1681289494672,492,HTTP Request Get Attachment,200,,Thread Group Login And View Detail 1-6,text,true,,1688,220,60,60,https://jira-9.aandd.io/rest/api/2/attachment/10102,492,0,291
1681289494672,492,HTTP Request Get Attachment,200,,Thread Group Login And View Detail 1-6,text,true,,1688,220,60,60,https://jira-9.aandd.io/rest/api/2/attachment/10102,492,0,291
1681289494785,379,HTTP Request Get Attachment,200,,Thread Group Login And View Detail 1-21,text,true,,1689,220,60,60,https://jira-9.aandd.io/rest/api/2/attachment/10102,379,0,206
1681289494785,379,HTTP Request Get Attachment,200,,Thread Group Login And View Detail 1-21,text,true,,1689,220,60,60,https://jira-9.aandd.io/rest/api/2/attachment/10102,379,0,206
1681289494672,495,HTTP Request Get Attachment,200,,Thread Group Login And View Detail 1-1,text,true,,1690,220,61,61,https://jira-9.aandd.io/rest/api/2/attachment/10102,495,0,291
1681289494672,495,HTTP Request Get Attachment,200,,Thread Group Login And View Detail 1-1,text,true,,1690,220,61,61,https://jira-9.aandd.io/rest/api/2/attachment/10102,495,0,291
1681289494674,493,HTTP Request Get Attachment,200,,Thread Group Login And View Detail 1-10,text,true,,1683,220,61,61,https://jira-9.aandd.io/rest/api/2/attachment/10102,493,0,315
1681289494674,493,HTTP Request Get Attachment,200,,Thread Group Login And View Detail 1-10,text,true,,1683,220,61,61,https://jira-9.aandd.io/rest/api/2/attachment/10102,493,0,315
1681289494803,373,HTTP Request Get Attachment,200,,Thread Group Login And View Detail 1-23,text,true,,1684,220,61,61,https://jira-9.aandd.io/rest/api/2/attachment/10102,373,0,195
1681289494812,364,HTTP Request Get Attachment,200,,Thread Group Login And View Detail 1-24,text,true,,1683,220,61,61,https://jira-9.aandd.io/rest/api/2/attachment/10102,364,0,199
1681289494803,373,HTTP Request Get Attachment,200,,Thread Group Login And View Detail 1-23,text,true,,1684,220,61,61,https://jira-9.aandd.io/rest/api/2/attachment/10102,373,0,195
1681289494812,364,HTTP Request Get Attachment,200,,Thread Group Login And View Detail 1-24,text,true,,1683,220,61,61,https://jira-9.aandd.io/rest/api/2/attachment/10102,364,0,199
1681289494820,356,HTTP Request Get Attachment,200,,Thread Group Login And View Detail 1-25,text,true,,1684,220,61,61,https://jira-9.aandd.io/rest/api/2/attachment/10102,356,0,186
1681289494820,356,HTTP Request Get Attachment,200,,Thread Group Login And View Detail 1-25,text,true,,1684,220,61,61,https://jira-9.aandd.io/rest/api/2/attachment/10102,356,0,186
1681289494672,514,HTTP Request Get Attachment,200,,Thread Group Login And View Detail 1-5,text,true,,1689,220,62,62,https://jira-9.aandd.io/rest/api/2/attachment/10102,514,0,292
1681289494672,514,HTTP Request Get Attachment,200,,Thread Group Login And View Detail 1-5,text,true,,1689,220,62,62,https://jira-9.aandd.io/rest/api/2/attachment/10102,514,0,292
1681289494672,515,HTTP Request Get Attachment,200,,Thread Group Login And View Detail 1-3,text,true,,1688,220,62,62,https://jira-9.aandd.io/rest/api/2/attachment/10102,515,0,320
1681289494672,515,HTTP Request Get Attachment,200,,Thread Group Login And View Detail 1-3,text,true,,1688,220,62,62,https://jira-9.aandd.io/rest/api/2/attachment/10102,515,0,320
1681289494672,515,HTTP Request Get Attachment,200,,Thread Group Login And View Detail 1-7,text,true,,1689,220,62,62,https://jira-9.aandd.io/rest/api/2/attachment/10102,515,0,308
1681289494672,515,HTTP Request Get Attachment,200,,Thread Group Login And View Detail 1-7,text,true,,1689,220,62,62,https://jira-9.aandd.io/rest/api/2/attachment/10102,515,0,308
1681289494672,517,HTTP Request Get Attachment,200,,Thread Group Login And View Detail 1-9,text,true,,1688,220,62,62,https://jira-9.aandd.io/rest/api/2/attachment/10102,517,0,317
1681289494672,517,HTTP Request Get Attachment,200,,Thread Group Login And View Detail 1-9,text,true,,1688,220,62,62,https://jira-9.aandd.io/rest/api/2/attachment/10102,517,0,317
1681289494672,517,HTTP Request Get Attachment,200,,Thread Group Login And View Detail 1-8,text,true,,1689,220,62,62,https://jira-9.aandd.io/rest/api/2/attachment/10102,517,0,331
1681289494672,517,HTTP Request Get Attachment,200,,Thread Group Login And View Detail 1-8,text,true,,1689,220,62,62,https://jira-9.aandd.io/rest/api/2/attachment/10102,517,0,331
1681289494760,432,HTTP Request Get Attachment,200,,Thread Group Login And View Detail 1-19,text,true,,1690,220,63,63,https://jira-9.aandd.io/rest/api/2/attachment/10102,431,0,275
1681289494760,432,HTTP Request Get Attachment,200,,Thread Group Login And View Detail 1-19,text,true,,1690,220,63,63,https://jira-9.aandd.io/rest/api/2/attachment/10102,431,0,275
1681289494753,439,HTTP Request Get Attachment,200,,Thread Group Login And View Detail 1-18,text,true,,1689,220,63,63,https://jira-9.aandd.io/rest/api/2/attachment/10102,439,0,209
1681289494753,439,HTTP Request Get Attachment,200,,Thread Group Login And View Detail 1-18,text,true,,1689,220,63,63,https://jira-9.aandd.io/rest/api/2/attachment/10102,439,0,209
1681289494672,521,HTTP Request Get Attachment,200,,Thread Group Login And View Detail 1-2,text,true,,1682,220,63,63,https://jira-9.aandd.io/rest/api/2/attachment/10102,521,0,291
1681289494672,521,HTTP Request Get Attachment,200,,Thread Group Login And View Detail 1-2,text,true,,1682,220,63,63,https://jira-9.aandd.io/rest/api/2/attachment/10102,521,0,291
1681289494771,422,HTTP Request Get Attachment,200,,Thread Group Login And View Detail 1-20,text,true,,1689,220,63,63,https://jira-9.aandd.io/rest/api/2/attachment/10102,422,0,232
1681289494771,422,HTTP Request Get Attachment,200,,Thread Group Login And View Detail 1-20,text,true,,1689,220,63,63,https://jira-9.aandd.io/rest/api/2/attachment/10102,422,0,232
1681289494827,430,HTTP Request Get Attachment,200,,Thread Group Login And View Detail 1-26,text,true,,1690,220,70,70,https://jira-9.aandd.io/rest/api/2/attachment/10102,430,0,232
1681289494827,430,HTTP Request Get Attachment,200,,Thread Group Login And View Detail 1-26,text,true,,1690,220,70,70,https://jira-9.aandd.io/rest/api/2/attachment/10102,430,0,232
1681289494672,586,HTTP Request Get Attachment,200,,Thread Group Login And View Detail 1-4,text,true,,1690,220,70,70,https://jira-9.aandd.io/rest/api/2/attachment/10102,586,0,363
1681289494672,586,HTTP Request Get Attachment,200,,Thread Group Login And View Detail 1-4,text,true,,1690,220,70,70,https://jira-9.aandd.io/rest/api/2/attachment/10102,586,0,363
1681289494873,385,HTTP Request Get Attachment,200,,Thread Group Login And View Detail 1-29,text,true,,1689,220,70,70,https://jira-9.aandd.io/rest/api/2/attachment/10102,385,0,174
1681289494873,385,HTTP Request Get Attachment,200,,Thread Group Login And View Detail 1-29,text,true,,1689,220,70,70,https://jira-9.aandd.io/rest/api/2/attachment/10102,385,0,174
1681289494730,538,HTTP Request Get Attachment,200,,Thread Group Login And View Detail 1-16,text,true,,1690,220,71,71,https://jira-9.aandd.io/rest/api/2/attachment/10102,538,0,318
1681289494730,538,HTTP Request Get Attachment,200,,Thread Group Login And View Detail 1-16,text,true,,1690,220,71,71,https://jira-9.aandd.io/rest/api/2/attachment/10102,538,0,318
1681289494929,340,HTTP Request Get Attachment,200,,Thread Group Login And View Detail 1-36,text,true,,1683,220,71,71,https://jira-9.aandd.io/rest/api/2/attachment/10102,339,0,161
1681289494929,340,HTTP Request Get Attachment,200,,Thread Group Login And View Detail 1-36,text,true,,1683,220,71,71,https://jira-9.aandd.io/rest/api/2/attachment/10102,339,0,161
1681289494744,525,HTTP Request Get Attachment,200,,Thread Group Login And View Detail 1-17,text,true,,1684,220,71,71,https://jira-9.aandd.io/rest/api/2/attachment/10102,525,0,302
1681289494744,525,HTTP Request Get Attachment,200,,Thread Group Login And View Detail 1-17,text,true,,1684,220,71,71,https://jira-9.aandd.io/rest/api/2/attachment/10102,525,0,302
1681289494787,484,HTTP Request Get Attachment,200,,Thread Group Login And View Detail 1-22,text,true,,1682,220,71,71,https://jira-9.aandd.io/rest/api/2/attachment/10102,484,0,213
1681289494787,484,HTTP Request Get Attachment,200,,Thread Group Login And View Detail 1-22,text,true,,1682,220,71,71,https://jira-9.aandd.io/rest/api/2/attachment/10102,484,0,213
1681289494999,272,HTTP Request Get Attachment,200,,Thread Group Login And View Detail 1-40,text,true,,1684,220,71,71,https://jira-9.aandd.io/rest/api/2/attachment/10102,272,0,130
1681289494999,272,HTTP Request Get Attachment,200,,Thread Group Login And View Detail 1-40,text,true,,1684,220,71,71,https://jira-9.aandd.io/rest/api/2/attachment/10102,272,0,130
1681289494943,330,HTTP Request Get Attachment,200,,Thread Group Login And View Detail 1-38,text,true,,1684,220,71,71,https://jira-9.aandd.io/rest/api/2/attachment/10102,330,0,180
1681289494943,330,HTTP Request Get Attachment,200,,Thread Group Login And View Detail 1-38,text,true,,1684,220,71,71,https://jira-9.aandd.io/rest/api/2/attachment/10102,330,0,180
1681289494895,382,HTTP Request Get Attachment,200,,Thread Group Login And View Detail 1-33,text,true,,1690,220,72,72,https://jira-9.aandd.io/rest/api/2/attachment/10102,382,0,156
1681289494895,382,HTTP Request Get Attachment,200,,Thread Group Login And View Detail 1-33,text,true,,1690,220,72,72,https://jira-9.aandd.io/rest/api/2/attachment/10102,382,0,156
1681289494960,317,HTTP Request Get Attachment,200,,Thread Group Login And View Detail 1-39,text,true,,1684,220,72,72,https://jira-9.aandd.io/rest/api/2/attachment/10102,317,0,161
1681289494960,317,HTTP Request Get Attachment,200,,Thread Group Login And View Detail 1-39,text,true,,1684,220,72,72,https://jira-9.aandd.io/rest/api/2/attachment/10102,317,0,161
1681289494876,401,HTTP Request Get Attachment,200,,Thread Group Login And View Detail 1-31,text,true,,1690,220,72,72,https://jira-9.aandd.io/rest/api/2/attachment/10102,401,0,177
1681289494876,401,HTTP Request Get Attachment,200,,Thread Group Login And View Detail 1-31,text,true,,1690,220,72,72,https://jira-9.aandd.io/rest/api/2/attachment/10102,401,0,177
1681289494718,560,HTTP Request Get Attachment,200,,Thread Group Login And View Detail 1-14,text,true,,1689,220,72,72,https://jira-9.aandd.io/rest/api/2/attachment/10102,560,0,315
1681289494718,560,HTTP Request Get Attachment,200,,Thread Group Login And View Detail 1-14,text,true,,1689,220,72,72,https://jira-9.aandd.io/rest/api/2/attachment/10102,560,0,315
1681289494936,344,HTTP Request Get Attachment,200,,Thread Group Login And View Detail 1-37,text,true,,1683,220,72,72,https://jira-9.aandd.io/rest/api/2/attachment/10102,344,0,185
1681289494936,344,HTTP Request Get Attachment,200,,Thread Group Login And View Detail 1-37,text,true,,1683,220,72,72,https://jira-9.aandd.io/rest/api/2/attachment/10102,344,0,185
1681289494911,371,HTTP Request Get Attachment,200,,Thread Group Login And View Detail 1-34,text,true,,1684,220,73,73,https://jira-9.aandd.io/rest/api/2/attachment/10102,371,0,133
1681289494871,411,HTTP Request Get Attachment,200,,Thread Group Login And View Detail 1-30,text,true,,1683,220,73,73,https://jira-9.aandd.io/rest/api/2/attachment/10102,411,0,121
1681289494911,371,HTTP Request Get Attachment,200,,Thread Group Login And View Detail 1-34,text,true,,1684,220,73,73,https://jira-9.aandd.io/rest/api/2/attachment/10102,371,0,133
1681289494871,411,HTTP Request Get Attachment,200,,Thread Group Login And View Detail 1-30,text,true,,1683,220,73,73,https://jira-9.aandd.io/rest/api/2/attachment/10102,411,0,121
1681289495005,282,HTTP Request Get Attachment,200,,Thread Group Login And View Detail 1-44,text,true,,1684,220,73,73,https://jira-9.aandd.io/rest/api/2/attachment/10102,282,0,125
1681289495040,247,HTTP Request Get Attachment,200,,Thread Group Login And View Detail 1-48,text,true,,1690,220,73,73,https://jira-9.aandd.io/rest/api/2/attachment/10102,247,0,96
1681289495005,282,HTTP Request Get Attachment,200,,Thread Group Login And View Detail 1-44,text,true,,1684,220,73,73,https://jira-9.aandd.io/rest/api/2/attachment/10102,282,0,125
1681289495040,247,HTTP Request Get Attachment,200,,Thread Group Login And View Detail 1-48,text,true,,1690,220,73,73,https://jira-9.aandd.io/rest/api/2/attachment/10102,247,0,96
1681289495024,265,HTTP Request Get Attachment,200,,Thread Group Login And View Detail 1-46,text,true,,1690,220,74,74,https://jira-9.aandd.io/rest/api/2/attachment/10102,265,0,123
1681289495004,285,HTTP Request Get Attachment,200,,Thread Group Login And View Detail 1-42,text,true,,1689,220,74,74,https://jira-9.aandd.io/rest/api/2/attachment/10102,285,0,129
1681289495024,265,HTTP Request Get Attachment,200,,Thread Group Login And View Detail 1-46,text,true,,1690,220,74,74,https://jira-9.aandd.io/rest/api/2/attachment/10102,265,0,123
1681289495004,285,HTTP Request Get Attachment,200,,Thread Group Login And View Detail 1-42,text,true,,1689,220,74,74,https://jira-9.aandd.io/rest/api/2/attachment/10102,285,0,129
1681289495052,388,HTTP Request Get Attachment,200,,Thread Group Login And View Detail 1-49,text,true,,1684,220,89,89,https://jira-9.aandd.io/rest/api/2/attachment/10102,388,0,95
1681289495052,388,HTTP Request Get Attachment,200,,Thread Group Login And View Detail 1-49,text,true,,1684,220,89,89,https://jira-9.aandd.io/rest/api/2/attachment/10102,388,0,95
1681289495012,428,HTTP Request Get Attachment,200,,Thread Group Login And View Detail 1-45,text,true,,1690,220,89,89,https://jira-9.aandd.io/rest/api/2/attachment/10102,427,0,129
1681289495012,428,HTTP Request Get Attachment,200,,Thread Group Login And View Detail 1-45,text,true,,1690,220,89,89,https://jira-9.aandd.io/rest/api/2/attachment/10102,427,0,129
1681289494689,754,HTTP Request Get Attachment,200,,Thread Group Login And View Detail 1-12,text,true,,1684,220,89,89,https://jira-9.aandd.io/rest/api/2/attachment/10102,754,0,319
1681289494689,754,HTTP Request Get Attachment,200,,Thread Group Login And View Detail 1-12,text,true,,1684,220,89,89,https://jira-9.aandd.io/rest/api/2/attachment/10102,754,0,319
1681289494888,555,HTTP Request Get Attachment,200,,Thread Group Login And View Detail 1-32,text,true,,1684,220,89,89,https://jira-9.aandd.io/rest/api/2/attachment/10102,555,0,103
1681289494888,555,HTTP Request Get Attachment,200,,Thread Group Login And View Detail 1-32,text,true,,1684,220,89,89,https://jira-9.aandd.io/rest/api/2/attachment/10102,555,0,103
1681289494720,727,HTTP Request Get Attachment,200,,Thread Group Login And View Detail 1-15,text,true,,1683,220,90,90,https://jira-9.aandd.io/rest/api/2/attachment/10102,727,0,272
1681289494720,727,HTTP Request Get Attachment,200,,Thread Group Login And View Detail 1-15,text,true,,1683,220,90,90,https://jira-9.aandd.io/rest/api/2/attachment/10102,727,0,272
1681289495004,463,HTTP Request Get Attachment,200,,Thread Group Login And View Detail 1-41,text,true,,1683,220,92,92,https://jira-9.aandd.io/rest/api/2/attachment/10102,462,0,149
1681289495084,383,HTTP Request Get Attachment,200,,Thread Group Login And View Detail 1-52,text,true,,1684,220,92,92,https://jira-9.aandd.io/rest/api/2/attachment/10102,383,0,92
1681289495084,383,HTTP Request Get Attachment,200,,Thread Group Login And View Detail 1-52,text,true,,1684,220,92,92,https://jira-9.aandd.io/rest/api/2/attachment/10102,383,0,92
1681289495004,463,HTTP Request Get Attachment,200,,Thread Group Login And View Detail 1-41,text,true,,1683,220,92,92,https://jira-9.aandd.io/rest/api/2/attachment/10102,462,0,149
1681289495069,401,HTTP Request Get Attachment,200,,Thread Group Login And View Detail 1-51,text,true,,1683,220,93,93,https://jira-9.aandd.io/rest/api/2/attachment/10102,401,0,95
1681289495069,401,HTTP Request Get Attachment,200,,Thread Group Login And View Detail 1-51,text,true,,1683,220,93,93,https://jira-9.aandd.io/rest/api/2/attachment/10102,401,0,95
1681289495089,384,HTTP Request Get Attachment,200,,Thread Group Login And View Detail 1-53,text,true,,1684,220,93,93,https://jira-9.aandd.io/rest/api/2/attachment/10102,384,0,100
1681289495089,384,HTTP Request Get Attachment,200,,Thread Group Login And View Detail 1-53,text,true,,1684,220,93,93,https://jira-9.aandd.io/rest/api/2/attachment/10102,384,0,100
1681289495093,384,HTTP Request Get Attachment,200,,Thread Group Login And View Detail 1-54,text,true,,1684,220,93,93,https://jira-9.aandd.io/rest/api/2/attachment/10102,384,0,83
1681289495093,384,HTTP Request Get Attachment,200,,Thread Group Login And View Detail 1-54,text,true,,1684,220,93,93,https://jira-9.aandd.io/rest/api/2/attachment/10102,384,0,83
1681289495127,353,HTTP Request Get Attachment,200,,Thread Group Login And View Detail 1-57,text,true,,1684,220,93,93,https://jira-9.aandd.io/rest/api/2/attachment/10102,353,0,140
1681289495127,353,HTTP Request Get Attachment,200,,Thread Group Login And View Detail 1-57,text,true,,1684,220,93,93,https://jira-9.aandd.io/rest/api/2/attachment/10102,353,0,140
1681289495063,473,HTTP Request Get Attachment,200,,Thread Group Login And View Detail 1-50,text,true,,1684,220,99,99,https://jira-9.aandd.io/rest/api/2/attachment/10102,473,0,93
1681289495063,473,HTTP Request Get Attachment,200,,Thread Group Login And View Detail 1-50,text,true,,1684,220,99,99,https://jira-9.aandd.io/rest/api/2/attachment/10102,473,0,93
1681289495189,407,HTTP Request Get Issue,200,,Thread Group Login And View Detail 1-9,text,true,,10992,215,100,100,https://jira-9.aandd.io/rest/api/2/issue/10301,407,0,0
1681289495189,407,HTTP Request Get Issue,200,,Thread Group Login And View Detail 1-9,text,true,,10992,215,100,100,https://jira-9.aandd.io/rest/api/2/issue/10301,407,0,0
1681289495186,413,HTTP Request Get Issue,200,,Thread Group Login And View Detail 1-5,text,true,,10989,215,99,99,https://jira-9.aandd.io/rest/api/2/issue/10301,413,0,0
1681289495186,413,HTTP Request Get Issue,200,,Thread Group Login And View Detail 1-5,text,true,,10989,215,99,99,https://jira-9.aandd.io/rest/api/2/issue/10301,413,0,0
1681289495168,438,HTTP Request Get Issue,200,,Thread Group Login And View Detail 1-10,text,true,,10990,215,98,98,https://jira-9.aandd.io/rest/api/2/issue/10301,438,0,0
1681289495168,438,HTTP Request Get Issue,200,,Thread Group Login And View Detail 1-10,text,true,,10990,215,98,98,https://jira-9.aandd.io/rest/api/2/issue/10301,438,0,0
1681289495164,449,HTTP Request Get Issue,200,,Thread Group Login And View Detail 1-6,text,true,,10990,215,97,97,https://jira-9.aandd.io/rest/api/2/issue/10301,449,0,0
1681289495164,449,HTTP Request Get Issue,200,,Thread Group Login And View Detail 1-6,text,true,,10990,215,97,97,https://jira-9.aandd.io/rest/api/2/issue/10301,449,0,0
1681289495192,430,HTTP Request Get Issue,200,,Thread Group Login And View Detail 1-19,text,true,,10987,215,96,96,https://jira-9.aandd.io/rest/api/2/issue/10301,430,0,0
1681289495192,430,HTTP Request Get Issue,200,,Thread Group Login And View Detail 1-19,text,true,,10987,215,96,96,https://jira-9.aandd.io/rest/api/2/issue/10301,430,0,0
1681289495193,448,HTTP Request Get Issue,200,,Thread Group Login And View Detail 1-20,text,true,,10988,215,95,95,https://jira-9.aandd.io/rest/api/2/issue/10301,448,0,0
1681289495193,448,HTTP Request Get Issue,200,,Thread Group Login And View Detail 1-20,text,true,,10988,215,95,95,https://jira-9.aandd.io/rest/api/2/issue/10301,448,0,0
1681289495160,498,HTTP Request Get Issue,200,,Thread Group Login And View Detail 1-13,text,true,,10983,215,94,94,https://jira-9.aandd.io/rest/api/2/issue/10301,498,0,0
1681289495160,498,HTTP Request Get Issue,200,,Thread Group Login And View Detail 1-13,text,true,,10983,215,94,94,https://jira-9.aandd.io/rest/api/2/issue/10301,498,0,0
1681289495164,511,HTTP Request Get Issue,200,,Thread Group Login And View Detail 1-21,text,true,,10982,215,93,93,https://jira-9.aandd.io/rest/api/2/issue/10301,511,0,0
1681289495164,511,HTTP Request Get Issue,200,,Thread Group Login And View Detail 1-21,text,true,,10982,215,93,93,https://jira-9.aandd.io/rest/api/2/issue/10301,511,0,0
1681289495176,514,HTTP Request Get Issue,200,,Thread Group Login And View Detail 1-23,text,true,,10992,215,92,92,https://jira-9.aandd.io/rest/api/2/issue/10301,514,0,0
1681289495176,514,HTTP Request Get Issue,200,,Thread Group Login And View Detail 1-23,text,true,,10992,215,92,92,https://jira-9.aandd.io/rest/api/2/issue/10301,514,0,0
1681289495189,509,HTTP Request Get Issue,200,,Thread Group Login And View Detail 1-8,text,true,,10989,215,91,91,https://jira-9.aandd.io/rest/api/2/issue/10301,509,0,0
1681289495189,509,HTTP Request Get Issue,200,,Thread Group Login And View Detail 1-8,text,true,,10989,215,91,91,https://jira-9.aandd.io/rest/api/2/issue/10301,509,0,0
1681289495167,537,HTTP Request Get Issue,200,,Thread Group Login And View Detail 1-1,text,true,,10989,215,90,90,https://jira-9.aandd.io/rest/api/2/issue/10301,537,0,0
1681289495167,537,HTTP Request Get Issue,200,,Thread Group Login And View Detail 1-1,text,true,,10989,215,90,90,https://jira-9.aandd.io/rest/api/2/issue/10301,537,0,0
1681289495113,594,HTTP Request Get Attachment,200,,Thread Group Login And View Detail 1-55,text,true,,1684,220,89,89,https://jira-9.aandd.io/rest/api/2/attachment/10102,594,0,145
1681289495113,594,HTTP Request Get Attachment,200,,Thread Group Login And View Detail 1-55,text,true,,1684,220,89,89,https://jira-9.aandd.io/rest/api/2/attachment/10102,594,0,145
1681289495192,528,HTTP Request Get Issue,200,,Thread Group Login And View Detail 1-18,text,true,,10975,215,89,89,https://jira-9.aandd.io/rest/api/2/issue/10301,528,0,0
1681289495192,528,HTTP Request Get Issue,200,,Thread Group Login And View Detail 1-18,text,true,,10975,215,89,89,https://jira-9.aandd.io/rest/api/2/issue/10301,528,0,0
1681289495176,570,HTTP Request Get Issue,200,,Thread Group Login And View Detail 1-24,text,true,,10989,215,88,88,https://jira-9.aandd.io/rest/api/2/issue/10301,570,0,0
1681289495176,570,HTTP Request Get Issue,200,,Thread Group Login And View Detail 1-24,text,true,,10989,215,88,88,https://jira-9.aandd.io/rest/api/2/issue/10301,570,0,0
1681289495187,563,HTTP Request Get Issue,200,,Thread Group Login And View Detail 1-7,text,true,,10990,215,87,87,https://jira-9.aandd.io/rest/api/2/issue/10301,563,0,0
1681289495187,563,HTTP Request Get Issue,200,,Thread Group Login And View Detail 1-7,text,true,,10990,215,87,87,https://jira-9.aandd.io/rest/api/2/issue/10301,563,0,0
1681289495160,606,HTTP Request Get Issue,200,,Thread Group Login And View Detail 1-35,text,true,,10989,215,86,86,https://jira-9.aandd.io/rest/api/2/issue/10301,606,0,0
1681289495160,606,HTTP Request Get Issue,200,,Thread Group Login And View Detail 1-35,text,true,,10989,215,86,86,https://jira-9.aandd.io/rest/api/2/issue/10301,606,0,0
1681289495160,626,HTTP Request Get Issue,200,,Thread Group Login And View Detail 1-27,text,true,,10983,215,85,85,https://jira-9.aandd.io/rest/api/2/issue/10301,626,0,0
1681289495160,626,HTTP Request Get Issue,200,,Thread Group Login And View Detail 1-27,text,true,,10983,215,85,85,https://jira-9.aandd.io/rest/api/2/issue/10301,626,0,0
1681289495177,617,HTTP Request Get Issue,200,,Thread Group Login And View Detail 1-25,text,true,,10991,215,84,84,https://jira-9.aandd.io/rest/api/2/issue/10301,617,0,0
1681289495177,617,HTTP Request Get Issue,200,,Thread Group Login And View Detail 1-25,text,true,,10991,215,84,84,https://jira-9.aandd.io/rest/api/2/issue/10301,617,0,0
1681289495277,525,HTTP Request Get Issue,200,,Thread Group Login And View Detail 1-31,text,true,,10990,215,83,83,https://jira-9.aandd.io/rest/api/2/issue/10301,525,0,0
1681289495277,525,HTTP Request Get Issue,200,,Thread Group Login And View Detail 1-31,text,true,,10990,215,83,83,https://jira-9.aandd.io/rest/api/2/issue/10301,525,0,0
1681289495160,652,HTTP Request Get Issue,200,,Thread Group Login And View Detail 1-11,text,true,,10990,215,82,82,https://jira-9.aandd.io/rest/api/2/issue/10301,652,0,0
1681289495160,652,HTTP Request Get Issue,200,,Thread Group Login And View Detail 1-11,text,true,,10990,215,82,82,https://jira-9.aandd.io/rest/api/2/issue/10301,652,0,0
1681289495123,850,HTTP Request Get Attachment,200,,Thread Group Login And View Detail 1-56,text,true,,1684,220,81,81,https://jira-9.aandd.io/rest/api/2/attachment/10102,850,0,147
1681289495267,706,HTTP Request Get Attachment,200,,Thread Group Login And View Detail 1-71,text,true,,1683,220,81,81,https://jira-9.aandd.io/rest/api/2/attachment/10102,706,0,239
1681289495123,850,HTTP Request Get Attachment,200,,Thread Group Login And View Detail 1-56,text,true,,1684,220,81,81,https://jira-9.aandd.io/rest/api/2/attachment/10102,850,0,147
1681289495267,706,HTTP Request Get Attachment,200,,Thread Group Login And View Detail 1-71,text,true,,1683,220,81,81,https://jira-9.aandd.io/rest/api/2/attachment/10102,706,0,239
1681289495191,785,HTTP Request Get Attachment,200,,Thread Group Login And View Detail 1-63,text,true,,1684,220,81,81,https://jira-9.aandd.io/rest/api/2/attachment/10102,785,0,305
1681289495232,744,HTTP Request Get Attachment,200,,Thread Group Login And View Detail 1-68,text,true,,1684,220,81,81,https://jira-9.aandd.io/rest/api/2/attachment/10102,744,0,261
1681289495191,785,HTTP Request Get Attachment,200,,Thread Group Login And View Detail 1-63,text,true,,1684,220,81,81,https://jira-9.aandd.io/rest/api/2/attachment/10102,785,0,305
1681289495232,744,HTTP Request Get Attachment,200,,Thread Group Login And View Detail 1-68,text,true,,1684,220,81,81,https://jira-9.aandd.io/rest/api/2/attachment/10102,744,0,261
1681289495149,835,HTTP Request Get Attachment,200,,Thread Group Login And View Detail 1-59,text,true,,1689,220,81,81,https://jira-9.aandd.io/rest/api/2/attachment/10102,835,0,308
1681289495149,835,HTTP Request Get Attachment,200,,Thread Group Login And View Detail 1-59,text,true,,1689,220,81,81,https://jira-9.aandd.io/rest/api/2/attachment/10102,835,0,308
1681289495278,713,HTTP Request Get Issue,200,,Thread Group Login And View Detail 1-14,text,true,,10992,215,81,81,https://jira-9.aandd.io/rest/api/2/issue/10301,712,0,0
1681289495278,713,HTTP Request Get Issue,200,,Thread Group Login And View Detail 1-14,text,true,,10992,215,81,81,https://jira-9.aandd.io/rest/api/2/issue/10301,712,0,0
1681289495227,765,HTTP Request Get Attachment,200,,Thread Group Login And View Detail 1-67,text,true,,1684,220,80,80,https://jira-9.aandd.io/rest/api/2/attachment/10102,765,0,276
1681289495227,765,HTTP Request Get Attachment,200,,Thread Group Login And View Detail 1-67,text,true,,1684,220,80,80,https://jira-9.aandd.io/rest/api/2/attachment/10102,765,0,276
1681289495206,793,HTTP Request Get Attachment,200,,Thread Group Login And View Detail 1-65,text,true,,1683,220,80,80,https://jira-9.aandd.io/rest/api/2/attachment/10102,793,0,297
1681289495206,793,HTTP Request Get Attachment,200,,Thread Group Login And View Detail 1-65,text,true,,1683,220,80,80,https://jira-9.aandd.io/rest/api/2/attachment/10102,793,0,297
1681289495243,758,HTTP Request Get Attachment,200,,Thread Group Login And View Detail 1-69,text,true,,1684,220,80,80,https://jira-9.aandd.io/rest/api/2/attachment/10102,758,0,246
1681289495243,758,HTTP Request Get Attachment,200,,Thread Group Login And View Detail 1-69,text,true,,1684,220,80,80,https://jira-9.aandd.io/rest/api/2/attachment/10102,758,0,246
1681289495187,821,HTTP Request Get Issue,200,,Thread Group Login And View Detail 1-3,text,true,,10989,215,80,80,https://jira-9.aandd.io/rest/api/2/issue/10301,821,0,0
1681289495187,821,HTTP Request Get Issue,200,,Thread Group Login And View Detail 1-3,text,true,,10989,215,80,80,https://jira-9.aandd.io/rest/api/2/issue/10301,821,0,0
1681289495280,735,HTTP Request Get Issue,200,,Thread Group Login And View Detail 1-37,text,true,,10991,215,79,79,https://jira-9.aandd.io/rest/api/2/issue/10301,735,0,0
1681289495280,735,HTTP Request Get Issue,200,,Thread Group Login And View Detail 1-37,text,true,,10991,215,79,79,https://jira-9.aandd.io/rest/api/2/issue/10301,735,0,0
1681289495193,835,HTTP Request Get Issue,200,,Thread Group Login And View Detail 1-2,text,true,,10989,215,78,78,https://jira-9.aandd.io/rest/api/2/issue/10301,835,0,0
1681289495193,835,HTTP Request Get Issue,200,,Thread Group Login And View Detail 1-2,text,true,,10989,215,78,78,https://jira-9.aandd.io/rest/api/2/issue/10301,835,0,0
1681289495257,785,HTTP Request Get Issue,200,,Thread Group Login And View Detail 1-26,text,true,,10988,215,77,77,https://jira-9.aandd.io/rest/api/2/issue/10301,785,0,0
1681289495257,785,HTTP Request Get Issue,200,,Thread Group Login And View Detail 1-26,text,true,,10988,215,77,77,https://jira-9.aandd.io/rest/api/2/issue/10301,785,0,0
1681289495277,770,HTTP Request Get Issue,200,,Thread Group Login And View Detail 1-33,text,true,,10977,215,76,76,https://jira-9.aandd.io/rest/api/2/issue/10301,770,0,0
1681289495277,770,HTTP Request Get Issue,200,,Thread Group Login And View Detail 1-33,text,true,,10977,215,76,76,https://jira-9.aandd.io/rest/api/2/issue/10301,770,0,0
1681289495220,838,HTTP Request Get Attachment,200,,Thread Group Login And View Detail 1-66,text,true,,1690,220,75,75,https://jira-9.aandd.io/rest/api/2/attachment/10102,838,0,267
1681289495220,838,HTTP Request Get Attachment,200,,Thread Group Login And View Detail 1-66,text,true,,1690,220,75,75,https://jira-9.aandd.io/rest/api/2/attachment/10102,838,0,267
1681289495178,880,HTTP Request Get Attachment,200,,Thread Group Login And View Detail 1-62,text,true,,1684,220,75,75,https://jira-9.aandd.io/rest/api/2/attachment/10102,880,0,289
1681289495178,880,HTTP Request Get Attachment,200,,Thread Group Login And View Detail 1-62,text,true,,1684,220,75,75,https://jira-9.aandd.io/rest/api/2/attachment/10102,880,0,289
1681289495282,785,HTTP Request Get Attachment,200,,Thread Group Login And View Detail 1-73,text,true,,1684,220,75,75,https://jira-9.aandd.io/rest/api/2/attachment/10102,785,0,230
1681289495282,785,HTTP Request Get Attachment,200,,Thread Group Login And View Detail 1-73,text,true,,1684,220,75,75,https://jira-9.aandd.io/rest/api/2/attachment/10102,785,0,230
1681289495200,868,HTTP Request Get Attachment,200,,Thread Group Login And View Detail 1-64,text,true,,1683,220,75,75,https://jira-9.aandd.io/rest/api/2/attachment/10102,868,0,290
1681289495200,868,HTTP Request Get Attachment,200,,Thread Group Login And View Detail 1-64,text,true,,1683,220,75,75,https://jira-9.aandd.io/rest/api/2/attachment/10102,868,0,290
1681289495273,802,HTTP Request Get Issue,200,,Thread Group Login And View Detail 1-38,text,true,,10990,215,75,75,https://jira-9.aandd.io/rest/api/2/issue/10301,801,0,0
1681289495273,802,HTTP Request Get Issue,200,,Thread Group Login And View Detail 1-38,text,true,,10990,215,75,75,https://jira-9.aandd.io/rest/api/2/issue/10301,801,0,0
1681289495159,917,HTTP Request Get Attachment,200,,Thread Group Login And View Detail 1-60,text,true,,1690,220,74,74,https://jira-9.aandd.io/rest/api/2/attachment/10102,916,0,297
1681289495159,917,HTTP Request Get Attachment,200,,Thread Group Login And View Detail 1-60,text,true,,1690,220,74,74,https://jira-9.aandd.io/rest/api/2/attachment/10102,916,0,297
1681289495257,821,HTTP Request Get Attachment,200,,Thread Group Login And View Detail 1-70,text,true,,1683,220,74,74,https://jira-9.aandd.io/rest/api/2/attachment/10102,821,0,252
1681289495257,821,HTTP Request Get Attachment,200,,Thread Group Login And View Detail 1-70,text,true,,1683,220,74,74,https://jira-9.aandd.io/rest/api/2/attachment/10102,821,0,252
1681289495277,809,HTTP Request Get Issue,200,,Thread Group Login And View Detail 1-39,text,true,,10990,215,74,74,https://jira-9.aandd.io/rest/api/2/issue/10301,809,0,0
1681289495277,809,HTTP Request Get Issue,200,,Thread Group Login And View Detail 1-39,text,true,,10990,215,74,74,https://jira-9.aandd.io/rest/api/2/issue/10301,809,0,0
1681289495137,951,HTTP Request Get Attachment,200,,Thread Group Login And View Detail 1-58,text,true,,1684,220,73,73,https://jira-9.aandd.io/rest/api/2/attachment/10102,951,0,316
1681289495137,951,HTTP Request Get Attachment,200,,Thread Group Login And View Detail 1-58,text,true,,1684,220,73,73,https://jira-9.aandd.io/rest/api/2/attachment/10102,951,0,316
1681289495271,824,HTTP Request Get Issue,200,,Thread Group Login And View Detail 1-22,text,true,,10991,215,73,73,https://jira-9.aandd.io/rest/api/2/issue/10301,823,0,0
1681289495271,824,HTTP Request Get Issue,200,,Thread Group Login And View Detail 1-22,text,true,,10991,215,73,73,https://jira-9.aandd.io/rest/api/2/issue/10301,823,0,0
1681289495166,930,HTTP Request Get Attachment,200,,Thread Group Login And View Detail 1-61,text,true,,1683,220,72,72,https://jira-9.aandd.io/rest/api/2/attachment/10102,929,0,293
1681289495166,930,HTTP Request Get Attachment,200,,Thread Group Login And View Detail 1-61,text,true,,1683,220,72,72,https://jira-9.aandd.io/rest/api/2/attachment/10102,929,0,293
1681289495489,608,HTTP Request Get Attachment,200,,Thread Group Login And View Detail 1-94,text,true,,1689,220,72,72,https://jira-9.aandd.io/rest/api/2/attachment/10102,608,0,176
1681289495489,608,HTTP Request Get Attachment,200,,Thread Group Login And View Detail 1-94,text,true,,1689,220,72,72,https://jira-9.aandd.io/rest/api/2/attachment/10102,608,0,176
1681289495319,781,HTTP Request Get Attachment,200,,Thread Group Login And View Detail 1-77,text,true,,1683,220,72,72,https://jira-9.aandd.io/rest/api/2/attachment/10102,781,0,259
1681289495319,781,HTTP Request Get Attachment,200,,Thread Group Login And View Detail 1-77,text,true,,1683,220,72,72,https://jira-9.aandd.io/rest/api/2/attachment/10102,781,0,259
1681289494873,1227,HTTP Request Get Attachment,200,,Thread Group Login And View Detail 1-28,text,true,,1683,220,72,72,https://jira-9.aandd.io/rest/api/2/attachment/10102,1227,0,180
1681289494873,1227,HTTP Request Get Attachment,200,,Thread Group Login And View Detail 1-28,text,true,,1683,220,72,72,https://jira-9.aandd.io/rest/api/2/attachment/10102,1227,0,180
1681289495275,826,HTTP Request Get Attachment,200,,Thread Group Login And View Detail 1-72,text,true,,1684,220,72,72,https://jira-9.aandd.io/rest/api/2/attachment/10102,826,0,231
1681289495275,826,HTTP Request Get Attachment,200,,Thread Group Login And View Detail 1-72,text,true,,1684,220,72,72,https://jira-9.aandd.io/rest/api/2/attachment/10102,826,0,231
1681289495341,762,HTTP Request Get Attachment,200,,Thread Group Login And View Detail 1-79,text,true,,1683,220,72,72,https://jira-9.aandd.io/rest/api/2/attachment/10102,762,0,244
1681289495341,762,HTTP Request Get Attachment,200,,Thread Group Login And View Detail 1-79,text,true,,1683,220,72,72,https://jira-9.aandd.io/rest/api/2/attachment/10102,762,0,244
1681289495367,736,HTTP Request Get Attachment,200,,Thread Group Login And View Detail 1-82,text,true,,1689,220,72,72,https://jira-9.aandd.io/rest/api/2/attachment/10102,736,0,183
1681289495367,736,HTTP Request Get Attachment,200,,Thread Group Login And View Detail 1-82,text,true,,1689,220,72,72,https://jira-9.aandd.io/rest/api/2/attachment/10102,736,0,183
1681289495269,845,HTTP Request Get Issue,200,,Thread Group Login And View Detail 1-17,text,true,,10991,215,72,72,https://jira-9.aandd.io/rest/api/2/issue/10301,845,0,0
1681289495269,845,HTTP Request Get Issue,200,,Thread Group Login And View Detail 1-17,text,true,,10991,215,72,72,https://jira-9.aandd.io/rest/api/2/issue/10301,845,0,0
1681289495330,785,HTTP Request Get Attachment,200,,Thread Group Login And View Detail 1-78,text,true,,1689,220,71,71,https://jira-9.aandd.io/rest/api/2/attachment/10102,785,0,202
1681289495330,785,HTTP Request Get Attachment,200,,Thread Group Login And View Detail 1-78,text,true,,1689,220,71,71,https://jira-9.aandd.io/rest/api/2/attachment/10102,785,0,202
1681289495419,701,HTTP Request Get Attachment,200,,Thread Group Login And View Detail 1-87,text,true,,1683,220,71,71,https://jira-9.aandd.io/rest/api/2/attachment/10102,701,0,113
1681289495419,701,HTTP Request Get Attachment,200,,Thread Group Login And View Detail 1-87,text,true,,1683,220,71,71,https://jira-9.aandd.io/rest/api/2/attachment/10102,701,0,113
1681289495443,682,HTTP Request Get Issue,200,,Thread Group Login And View Detail 1-32,text,true,,10989,215,71,71,https://jira-9.aandd.io/rest/api/2/issue/10301,682,0,0
1681289495443,682,HTTP Request Get Issue,200,,Thread Group Login And View Detail 1-32,text,true,,10989,215,71,71,https://jira-9.aandd.io/rest/api/2/issue/10301,682,0,0
1681289495506,620,HTTP Request Get Attachment,200,,Thread Group Login And View Detail 1-96,text,true,,1683,220,70,70,https://jira-9.aandd.io/rest/api/2/attachment/10102,620,0,131
1681289495506,620,HTTP Request Get Attachment,200,,Thread Group Login And View Detail 1-96,text,true,,1683,220,70,70,https://jira-9.aandd.io/rest/api/2/attachment/10102,620,0,131
1681289495417,718,HTTP Request Get Attachment,200,,Thread Group Login And View Detail 1-86,text,true,,1683,220,70,70,https://jira-9.aandd.io/rest/api/2/attachment/10102,718,0,152
1681289495417,718,HTTP Request Get Attachment,200,,Thread Group Login And View Detail 1-86,text,true,,1683,220,70,70,https://jira-9.aandd.io/rest/api/2/attachment/10102,718,0,152
1681289495282,858,HTTP Request Get Issue,200,,Thread Group Login And View Detail 1-30,text,true,,10989,215,70,70,https://jira-9.aandd.io/rest/api/2/issue/10301,858,0,0
1681289495282,858,HTTP Request Get Issue,200,,Thread Group Login And View Detail 1-30,text,true,,10989,215,70,70,https://jira-9.aandd.io/rest/api/2/issue/10301,858,0,0
1681289495473,678,HTTP Request Get Issue,200,,Thread Group Login And View Detail 1-53,text,true,,10989,215,69,69,https://jira-9.aandd.io/rest/api/2/issue/10301,678,0,0
1681289495473,678,HTTP Request Get Issue,200,,Thread Group Login And View Detail 1-53,text,true,,10989,215,69,69,https://jira-9.aandd.io/rest/api/2/issue/10301,678,0,0
1681289495003,1149,HTTP Request Get Attachment,200,,Thread Group Login And View Detail 1-43,text,true,,1684,220,68,68,https://jira-9.aandd.io/rest/api/2/attachment/10102,1149,0,149
1681289495003,1149,HTTP Request Get Attachment,200,,Thread Group Login And View Detail 1-43,text,true,,1684,220,68,68,https://jira-9.aandd.io/rest/api/2/attachment/10102,1149,0,149
1681289495271,887,HTTP Request Get Issue,200,,Thread Group Login And View Detail 1-40,text,true,,10991,215,68,68,https://jira-9.aandd.io/rest/api/2/issue/10301,887,0,0
1681289495271,887,HTTP Request Get Issue,200,,Thread Group Login And View Detail 1-40,text,true,,10991,215,68,68,https://jira-9.aandd.io/rest/api/2/issue/10301,887,0,0
1681289495032,1130,HTTP Request Get Attachment,200,,Thread Group Login And View Detail 1-47,text,true,,1683,220,67,67,https://jira-9.aandd.io/rest/api/2/attachment/10102,1129,0,117
1681289495032,1130,HTTP Request Get Attachment,200,,Thread Group Login And View Detail 1-47,text,true,,1683,220,67,67,https://jira-9.aandd.io/rest/api/2/attachment/10102,1129,0,117
1681289495441,721,HTTP Request Get Attachment,200,,Thread Group Login And View Detail 1-89,text,true,,1684,220,67,67,https://jira-9.aandd.io/rest/api/2/attachment/10102,721,0,135
1681289495441,721,HTTP Request Get Attachment,200,,Thread Group Login And View Detail 1-89,text,true,,1684,220,67,67,https://jira-9.aandd.io/rest/api/2/attachment/10102,721,0,135
1681289495471,692,HTTP Request Get Attachment,200,,Thread Group Login And View Detail 1-93,text,true,,1690,220,67,67,https://jira-9.aandd.io/rest/api/2/attachment/10102,692,0,114
1681289495471,692,HTTP Request Get Attachment,200,,Thread Group Login And View Detail 1-93,text,true,,1690,220,67,67,https://jira-9.aandd.io/rest/api/2/attachment/10102,692,0,114
1681289495268,901,HTTP Request Get Issue,200,,Thread Group Login And View Detail 1-16,text,true,,10990,215,67,67,https://jira-9.aandd.io/rest/api/2/issue/10301,901,0,0
1681289495268,901,HTTP Request Get Issue,200,,Thread Group Login And View Detail 1-16,text,true,,10990,215,67,67,https://jira-9.aandd.io/rest/api/2/issue/10301,901,0,0
1681289495480,709,HTTP Request Get Issue,200,,Thread Group Login And View Detail 1-57,text,true,,10989,215,66,66,https://jira-9.aandd.io/rest/api/2/issue/10301,709,0,0
1681289495480,709,HTTP Request Get Issue,200,,Thread Group Login And View Detail 1-57,text,true,,10989,215,66,66,https://jira-9.aandd.io/rest/api/2/issue/10301,709,0,0
1681289495290,906,HTTP Request Get Issue,200,,Thread Group Login And View Detail 1-46,text,true,,10990,215,65,65,https://jira-9.aandd.io/rest/api/2/issue/10301,906,0,0
1681289495290,906,HTTP Request Get Issue,200,,Thread Group Login And View Detail 1-46,text,true,,10990,215,65,65,https://jira-9.aandd.io/rest/api/2/issue/10301,906,0,0
1681289495447,754,HTTP Request Get Issue,200,,Thread Group Login And View Detail 1-15,text,true,,10992,215,64,64,https://jira-9.aandd.io/rest/api/2/issue/10301,754,0,0
1681289495447,754,HTTP Request Get Issue,200,,Thread Group Login And View Detail 1-15,text,true,,10992,215,64,64,https://jira-9.aandd.io/rest/api/2/issue/10301,754,0,0
1681289495288,928,HTTP Request Get Issue,200,,Thread Group Login And View Detail 1-48,text,true,,10991,215,63,63,https://jira-9.aandd.io/rest/api/2/issue/10301,927,0,0
1681289495288,928,HTTP Request Get Issue,200,,Thread Group Login And View Detail 1-48,text,true,,10991,215,63,63,https://jira-9.aandd.io/rest/api/2/issue/10301,927,0,0
1681289495514,704,HTTP Request Get Attachment,200,,Thread Group Login And View Detail 1-97,text,true,,1689,220,62,62,https://jira-9.aandd.io/rest/api/2/attachment/10102,704,0,130
1681289495514,704,HTTP Request Get Attachment,200,,Thread Group Login And View Detail 1-97,text,true,,1689,220,62,62,https://jira-9.aandd.io/rest/api/2/attachment/10102,704,0,130
1681289495305,913,HTTP Request Get Attachment,200,,Thread Group Login And View Detail 1-75,text,true,,1683,220,62,62,https://jira-9.aandd.io/rest/api/2/attachment/10102,913,0,239
1681289495305,913,HTTP Request Get Attachment,200,,Thread Group Login And View Detail 1-75,text,true,,1683,220,62,62,https://jira-9.aandd.io/rest/api/2/attachment/10102,913,0,239
1681289495477,751,HTTP Request Get Issue,200,,Thread Group Login And View Detail 1-54,text,true,,10975,215,62,62,https://jira-9.aandd.io/rest/api/2/issue/10301,750,0,0
1681289495477,751,HTTP Request Get Issue,200,,Thread Group Login And View Detail 1-54,text,true,,10975,215,62,62,https://jira-9.aandd.io/rest/api/2/issue/10301,750,0,0
1681289495398,830,HTTP Request Get Attachment,200,,Thread Group Login And View Detail 1-85,text,true,,1683,220,61,61,https://jira-9.aandd.io/rest/api/2/attachment/10102,830,0,149
1681289495398,830,HTTP Request Get Attachment,200,,Thread Group Login And View Detail 1-85,text,true,,1683,220,61,61,https://jira-9.aandd.io/rest/api/2/attachment/10102,830,0,149
1681289495453,776,HTTP Request Get Attachment,200,,Thread Group Login And View Detail 1-91,text,true,,1683,220,61,61,https://jira-9.aandd.io/rest/api/2/attachment/10102,776,0,102
1681289495453,776,HTTP Request Get Attachment,200,,Thread Group Login And View Detail 1-91,text,true,,1683,220,61,61,https://jira-9.aandd.io/rest/api/2/attachment/10102,776,0,102
1681289495377,854,HTTP Request Get Attachment,200,,Thread Group Login And View Detail 1-83,text,true,,1684,220,61,61,https://jira-9.aandd.io/rest/api/2/attachment/10102,854,0,183
1681289495377,854,HTTP Request Get Attachment,200,,Thread Group Login And View Detail 1-83,text,true,,1684,220,61,61,https://jira-9.aandd.io/rest/api/2/attachment/10102,854,0,183
1681289495388,844,HTTP Request Get Attachment,200,,Thread Group Login And View Detail 1-84,text,true,,1690,220,61,61,https://jira-9.aandd.io/rest/api/2/attachment/10102,843,0,198
1681289495388,844,HTTP Request Get Attachment,200,,Thread Group Login And View Detail 1-84,text,true,,1690,220,61,61,https://jira-9.aandd.io/rest/api/2/attachment/10102,843,0,198
1681289495362,870,HTTP Request Get Attachment,200,,Thread Group Login And View Detail 1-81,text,true,,1689,220,61,61,https://jira-9.aandd.io/rest/api/2/attachment/10102,870,0,214
1681289495362,870,HTTP Request Get Attachment,200,,Thread Group Login And View Detail 1-81,text,true,,1689,220,61,61,https://jira-9.aandd.io/rest/api/2/attachment/10102,870,0,214
1681289495464,769,HTTP Request Get Attachment,200,,Thread Group Login And View Detail 1-92,text,true,,1689,220,61,61,https://jira-9.aandd.io/rest/api/2/attachment/10102,769,0,99
1681289495464,769,HTTP Request Get Attachment,200,,Thread Group Login And View Detail 1-92,text,true,,1689,220,61,61,https://jira-9.aandd.io/rest/api/2/attachment/10102,769,0,99
1681289495269,972,HTTP Request Get Issue,200,,Thread Group Login And View Detail 1-36,text,true,,10988,215,61,61,https://jira-9.aandd.io/rest/api/2/issue/10301,972,0,0
1681289495269,972,HTTP Request Get Issue,200,,Thread Group Login And View Detail 1-36,text,true,,10988,215,61,61,https://jira-9.aandd.io/rest/api/2/issue/10301,972,0,0
1681289495427,818,HTTP Request Get Attachment,200,,Thread Group Login And View Detail 1-88,text,true,,1683,220,60,60,https://jira-9.aandd.io/rest/api/2/attachment/10102,818,0,117
1681289495427,818,HTTP Request Get Attachment,200,,Thread Group Login And View Detail 1-88,text,true,,1683,220,60,60,https://jira-9.aandd.io/rest/api/2/attachment/10102,818,0,117
1681289495258,995,HTTP Request Get Issue,200,,Thread Group Login And View Detail 1-4,text,true,,10992,215,60,60,https://jira-9.aandd.io/rest/api/2/issue/10301,995,0,0
1681289495258,995,HTTP Request Get Issue,200,,Thread Group Login And View Detail 1-4,text,true,,10992,215,60,60,https://jira-9.aandd.io/rest/api/2/issue/10301,995,0,0
1681289495497,756,HTTP Request Get Attachment,200,,Thread Group Login And View Detail 1-95,text,true,,1684,220,60,60,https://jira-9.aandd.io/rest/api/2/attachment/10102,756,0,137
1681289495497,756,HTTP Request Get Attachment,200,,Thread Group Login And View Detail 1-95,text,true,,1684,220,60,60,https://jira-9.aandd.io/rest/api/2/attachment/10102,756,0,137
1681289495443,817,HTTP Request Get Issue,200,,Thread Group Login And View Detail 1-12,text,true,,10988,215,59,59,https://jira-9.aandd.io/rest/api/2/issue/10301,817,0,0
1681289495443,817,HTTP Request Get Issue,200,,Thread Group Login And View Detail 1-12,text,true,,10988,215,59,59,https://jira-9.aandd.io/rest/api/2/issue/10301,817,0,0
1681289495447,820,HTTP Request Get Attachment,200,,Thread Group Login And View Detail 1-90,text,true,,1684,220,58,58,https://jira-9.aandd.io/rest/api/2/attachment/10102,820,0,101
1681289495447,820,HTTP Request Get Attachment,200,,Thread Group Login And View Detail 1-90,text,true,,1684,220,58,58,https://jira-9.aandd.io/rest/api/2/attachment/10102,820,0,101
1681289495440,827,HTTP Request Get Issue,200,,Thread Group Login And View Detail 1-45,text,true,,10989,215,58,58,https://jira-9.aandd.io/rest/api/2/issue/10301,827,0,0
1681289495440,827,HTTP Request Get Issue,200,,Thread Group Login And View Detail 1-45,text,true,,10989,215,58,58,https://jira-9.aandd.io/rest/api/2/issue/10301,827,0,0
1681289495440,837,HTTP Request Get Issue,200,,Thread Group Login And View Detail 1-49,text,true,,10992,215,57,57,https://jira-9.aandd.io/rest/api/2/issue/10301,837,0,0
1681289495440,837,HTTP Request Get Issue,200,,Thread Group Login And View Detail 1-49,text,true,,10992,215,57,57,https://jira-9.aandd.io/rest/api/2/issue/10301,837,0,0
1681289495468,814,HTTP Request Get Issue,200,,Thread Group Login And View Detail 1-41,text,true,,10985,215,56,56,https://jira-9.aandd.io/rest/api/2/issue/10301,814,0,0
1681289495468,814,HTTP Request Get Issue,200,,Thread Group Login And View Detail 1-41,text,true,,10985,215,56,56,https://jira-9.aandd.io/rest/api/2/issue/10301,814,0,0
1681289495290,1002,HTTP Request Get Issue,200,,Thread Group Login And View Detail 1-42,text,true,,10990,215,55,55,https://jira-9.aandd.io/rest/api/2/issue/10301,1002,0,0
1681289495290,1002,HTTP Request Get Issue,200,,Thread Group Login And View Detail 1-42,text,true,,10990,215,55,55,https://jira-9.aandd.io/rest/api/2/issue/10301,1002,0,0
1681289495471,828,HTTP Request Get Issue,200,,Thread Group Login And View Detail 1-51,text,true,,10988,215,54,54,https://jira-9.aandd.io/rest/api/2/issue/10301,828,0,0
1681289495471,828,HTTP Request Get Issue,200,,Thread Group Login And View Detail 1-51,text,true,,10988,215,54,54,https://jira-9.aandd.io/rest/api/2/issue/10301,828,0,0
1681289495258,1048,HTTP Request Get Issue,200,,Thread Group Login And View Detail 1-29,text,true,,10991,215,53,53,https://jira-9.aandd.io/rest/api/2/issue/10301,1048,0,0
1681289495258,1048,HTTP Request Get Issue,200,,Thread Group Login And View Detail 1-29,text,true,,10991,215,53,53,https://jira-9.aandd.io/rest/api/2/issue/10301,1048,0,0
1681289495288,1029,HTTP Request Get Issue,200,,Thread Group Login And View Detail 1-44,text,true,,10989,215,52,52,https://jira-9.aandd.io/rest/api/2/issue/10301,1029,0,0
1681289495288,1029,HTTP Request Get Issue,200,,Thread Group Login And View Detail 1-44,text,true,,10989,215,52,52,https://jira-9.aandd.io/rest/api/2/issue/10301,1029,0,0
1681289495290,1032,HTTP Request Get Attachment,200,,Thread Group Login And View Detail 1-74,text,true,,1683,220,51,51,https://jira-9.aandd.io/rest/api/2/attachment/10102,1032,0,246
1681289495290,1032,HTTP Request Get Attachment,200,,Thread Group Login And View Detail 1-74,text,true,,1683,220,51,51,https://jira-9.aandd.io/rest/api/2/attachment/10102,1032,0,246
1681289495540,785,HTTP Request Get Attachment,200,,Thread Group Login And View Detail 1-100,text,true,,1683,220,51,51,https://jira-9.aandd.io/rest/api/2/attachment/10102,785,0,233
1681289495540,785,HTTP Request Get Attachment,200,,Thread Group Login And View Detail 1-100,text,true,,1683,220,51,51,https://jira-9.aandd.io/rest/api/2/attachment/10102,785,0,233
1681289495315,1018,HTTP Request Get Attachment,200,,Thread Group Login And View Detail 1-76,text,true,,1690,220,51,51,https://jira-9.aandd.io/rest/api/2/attachment/10102,1018,0,242
1681289495315,1018,HTTP Request Get Attachment,200,,Thread Group Login And View Detail 1-76,text,true,,1690,220,51,51,https://jira-9.aandd.io/rest/api/2/attachment/10102,1018,0,242
1681289495468,1024,HTTP Request Get Issue,200,,Thread Group Login And View Detail 1-52,text,true,,10990,215,51,51,https://jira-9.aandd.io/rest/api/2/issue/10301,1024,0,0
1681289495468,1024,HTTP Request Get Issue,200,,Thread Group Login And View Detail 1-52,text,true,,10990,215,51,51,https://jira-9.aandd.io/rest/api/2/issue/10301,1024,0,0
1681289495522,976,HTTP Request Get Attachment,200,,Thread Group Login And View Detail 1-98,text,true,,1683,220,50,50,https://jira-9.aandd.io/rest/api/2/attachment/10102,975,0,202
1681289495522,976,HTTP Request Get Attachment,200,,Thread Group Login And View Detail 1-98,text,true,,1683,220,50,50,https://jira-9.aandd.io/rest/api/2/attachment/10102,975,0,202
1681289495350,1148,HTTP Request Get Attachment,200,,Thread Group Login And View Detail 1-80,text,true,,1684,220,50,50,https://jira-9.aandd.io/rest/api/2/attachment/10102,1148,0,215
1681289495350,1148,HTTP Request Get Attachment,200,,Thread Group Login And View Detail 1-80,text,true,,1684,220,50,50,https://jira-9.aandd.io/rest/api/2/attachment/10102,1148,0,215
1681289495534,964,HTTP Request Get Attachment,200,,Thread Group Login And View Detail 1-99,text,true,,1684,220,50,50,https://jira-9.aandd.io/rest/api/2/attachment/10102,964,0,236
1681289495534,964,HTTP Request Get Attachment,200,,Thread Group Login And View Detail 1-99,text,true,,1684,220,50,50,https://jira-9.aandd.io/rest/api/2/attachment/10102,964,0,236
1681289495536,974,HTTP Request Get Issue,200,,Thread Group Login And View Detail 1-50,text,true,,10988,215,50,50,https://jira-9.aandd.io/rest/api/2/issue/10301,974,0,0
1681289495536,974,HTTP Request Get Issue,200,,Thread Group Login And View Detail 1-50,text,true,,10988,215,50,50,https://jira-9.aandd.io/rest/api/2/issue/10301,974,0,0
1681289495974,545,HTTP Request Get Issue,200,,Thread Group Login And View Detail 1-56,text,true,,10992,215,49,49,https://jira-9.aandd.io/rest/api/2/issue/10301,545,0,0
1681289495974,545,HTTP Request Get Issue,200,,Thread Group Login And View Detail 1-56,text,true,,10992,215,49,49,https://jira-9.aandd.io/rest/api/2/issue/10301,545,0,0
1681289495282,1245,HTTP Request Get Issue,200,,Thread Group Login And View Detail 1-34,text,true,,10991,215,48,48,https://jira-9.aandd.io/rest/api/2/issue/10301,1245,0,0
1681289495282,1245,HTTP Request Get Issue,200,,Thread Group Login And View Detail 1-34,text,true,,10991,215,48,48,https://jira-9.aandd.io/rest/api/2/issue/10301,1245,0,0
1681289495976,558,HTTP Request Get Issue,200,,Thread Group Login And View Detail 1-63,text,true,,10989,215,47,47,https://jira-9.aandd.io/rest/api/2/issue/10301,558,0,0
1681289495976,558,HTTP Request Get Issue,200,,Thread Group Login And View Detail 1-63,text,true,,10989,215,47,47,https://jira-9.aandd.io/rest/api/2/issue/10301,558,0,0
1681289495993,604,HTTP Request Get Issue,200,,Thread Group Login And View Detail 1-67,text,true,,10989,215,46,46,https://jira-9.aandd.io/rest/api/2/issue/10301,604,0,0
1681289495993,604,HTTP Request Get Issue,200,,Thread Group Login And View Detail 1-67,text,true,,10989,215,46,46,https://jira-9.aandd.io/rest/api/2/issue/10301,604,0,0
1681289496000,603,HTTP Request Get Issue,200,,Thread Group Login And View Detail 1-65,text,true,,10990,215,45,45,https://jira-9.aandd.io/rest/api/2/issue/10301,603,0,0
1681289496000,603,HTTP Request Get Issue,200,,Thread Group Login And View Detail 1-65,text,true,,10990,215,45,45,https://jira-9.aandd.io/rest/api/2/issue/10301,603,0,0
1681289496102,506,HTTP Request Get Issue,200,,Thread Group Login And View Detail 1-72,text,true,,10991,215,44,44,https://jira-9.aandd.io/rest/api/2/issue/10301,506,0,0
1681289496102,506,HTTP Request Get Issue,200,,Thread Group Login And View Detail 1-72,text,true,,10991,215,44,44,https://jira-9.aandd.io/rest/api/2/issue/10301,506,0,0
1681289496078,537,HTTP Request Get Issue,200,,Thread Group Login And View Detail 1-70,text,true,,10985,215,43,43,https://jira-9.aandd.io/rest/api/2/issue/10301,537,0,0
1681289496078,537,HTTP Request Get Issue,200,,Thread Group Login And View Detail 1-70,text,true,,10985,215,43,43,https://jira-9.aandd.io/rest/api/2/issue/10301,537,0,0
1681289496001,626,HTTP Request Get Issue,200,,Thread Group Login And View Detail 1-69,text,true,,10990,215,42,42,https://jira-9.aandd.io/rest/api/2/issue/10301,626,0,0
1681289496001,626,HTTP Request Get Issue,200,,Thread Group Login And View Detail 1-69,text,true,,10990,215,42,42,https://jira-9.aandd.io/rest/api/2/issue/10301,626,0,0
1681289496067,568,HTTP Request Get Issue,200,,Thread Group Login And View Detail 1-73,text,true,,10989,215,41,41,https://jira-9.aandd.io/rest/api/2/issue/10301,568,0,0
1681289496067,568,HTTP Request Get Issue,200,,Thread Group Login And View Detail 1-73,text,true,,10989,215,41,41,https://jira-9.aandd.io/rest/api/2/issue/10301,568,0,0
1681289495976,664,HTTP Request Get Issue,200,,Thread Group Login And View Detail 1-68,text,true,,10989,215,40,40,https://jira-9.aandd.io/rest/api/2/issue/10301,664,0,0
1681289495976,664,HTTP Request Get Issue,200,,Thread Group Login And View Detail 1-68,text,true,,10989,215,40,40,https://jira-9.aandd.io/rest/api/2/issue/10301,664,0,0
1681289496103,544,HTTP Request Get Issue,200,,Thread Group Login And View Detail 1-79,text,true,,10990,215,39,39,https://jira-9.aandd.io/rest/api/2/issue/10301,544,0,0
1681289496103,544,HTTP Request Get Issue,200,,Thread Group Login And View Detail 1-79,text,true,,10990,215,39,39,https://jira-9.aandd.io/rest/api/2/issue/10301,544,0,0
1681289496103,553,HTTP Request Get Issue,200,,Thread Group Login And View Detail 1-82,text,true,,10989,215,38,38,https://jira-9.aandd.io/rest/api/2/issue/10301,553,0,0
1681289496103,553,HTTP Request Get Issue,200,,Thread Group Login And View Detail 1-82,text,true,,10989,215,38,38,https://jira-9.aandd.io/rest/api/2/issue/10301,553,0,0
1681289496228,433,HTTP Request Get Issue,200,,Thread Group Login And View Detail 1-85,text,true,,10992,215,37,37,https://jira-9.aandd.io/rest/api/2/issue/10301,433,0,0
1681289496228,433,HTTP Request Get Issue,200,,Thread Group Login And View Detail 1-85,text,true,,10992,215,37,37,https://jira-9.aandd.io/rest/api/2/issue/10301,433,0,0
1681289496162,506,HTTP Request Get Issue,200,,Thread Group Login And View Detail 1-47,text,true,,10992,215,36,36,https://jira-9.aandd.io/rest/api/2/issue/10301,506,0,0
1681289496162,506,HTTP Request Get Issue,200,,Thread Group Login And View Detail 1-47,text,true,,10992,215,36,36,https://jira-9.aandd.io/rest/api/2/issue/10301,506,0,0
1681289496101,576,HTTP Request Get Issue,200,,Thread Group Login And View Detail 1-28,text,true,,10990,215,35,35,https://jira-9.aandd.io/rest/api/2/issue/10301,576,0,0
1681289496101,576,HTTP Request Get Issue,200,,Thread Group Login And View Detail 1-28,text,true,,10990,215,35,35,https://jira-9.aandd.io/rest/api/2/issue/10301,576,0,0
1681289496218,467,HTTP Request Get Issue,200,,Thread Group Login And View Detail 1-75,text,true,,10989,215,34,34,https://jira-9.aandd.io/rest/api/2/issue/10301,467,0,0
1681289496218,467,HTTP Request Get Issue,200,,Thread Group Login And View Detail 1-75,text,true,,10989,215,34,34,https://jira-9.aandd.io/rest/api/2/issue/10301,467,0,0
1681289496218,475,HTTP Request Get Issue,200,,Thread Group Login And View Detail 1-97,text,true,,10978,215,33,33,https://jira-9.aandd.io/rest/api/2/issue/10301,475,0,0
1681289496218,475,HTTP Request Get Issue,200,,Thread Group Login And View Detail 1-97,text,true,,10978,215,33,33,https://jira-9.aandd.io/rest/api/2/issue/10301,475,0,0
1681289496115,587,HTTP Request Get Issue,200,,Thread Group Login And View Detail 1-78,text,true,,10990,215,32,32,https://jira-9.aandd.io/rest/api/2/issue/10301,586,0,0
1681289496115,587,HTTP Request Get Issue,200,,Thread Group Login And View Detail 1-78,text,true,,10990,215,32,32,https://jira-9.aandd.io/rest/api/2/issue/10301,586,0,0
1681289496135,573,HTTP Request Get Issue,200,,Thread Group Login And View Detail 1-86,text,true,,10990,215,31,31,https://jira-9.aandd.io/rest/api/2/issue/10301,573,0,0
1681289496135,573,HTTP Request Get Issue,200,,Thread Group Login And View Detail 1-86,text,true,,10990,215,31,31,https://jira-9.aandd.io/rest/api/2/issue/10301,573,0,0
1681289495974,744,HTTP Request Get Issue,200,,Thread Group Login And View Detail 1-71,text,true,,10991,215,30,30,https://jira-9.aandd.io/rest/api/2/issue/10301,744,0,0
1681289495974,744,HTTP Request Get Issue,200,,Thread Group Login And View Detail 1-71,text,true,,10991,215,30,30,https://jira-9.aandd.io/rest/api/2/issue/10301,744,0,0
1681289495707,1017,HTTP Request Get Issue,200,,Thread Group Login And View Detail 1-55,text,true,,10990,215,29,29,https://jira-9.aandd.io/rest/api/2/issue/10301,1017,0,0
1681289495707,1017,HTTP Request Get Issue,200,,Thread Group Login And View Detail 1-55,text,true,,10990,215,29,29,https://jira-9.aandd.io/rest/api/2/issue/10301,1017,0,0
1681289496163,572,HTTP Request Get Issue,200,,Thread Group Login And View Detail 1-89,text,true,,10989,215,28,28,https://jira-9.aandd.io/rest/api/2/issue/10301,572,0,0
1681289496163,572,HTTP Request Get Issue,200,,Thread Group Login And View Detail 1-89,text,true,,10989,215,28,28,https://jira-9.aandd.io/rest/api/2/issue/10301,572,0,0
1681289496088,658,HTTP Request Get Issue,200,,Thread Group Login And View Detail 1-58,text,true,,10989,215,27,27,https://jira-9.aandd.io/rest/api/2/issue/10301,657,0,0
1681289496088,658,HTTP Request Get Issue,200,,Thread Group Login And View Detail 1-58,text,true,,10989,215,27,27,https://jira-9.aandd.io/rest/api/2/issue/10301,657,0,0
1681289496069,685,HTTP Request Get Issue,200,,Thread Group Login And View Detail 1-64,text,true,,10990,215,26,26,https://jira-9.aandd.io/rest/api/2/issue/10301,685,0,0
1681289496069,685,HTTP Request Get Issue,200,,Thread Group Login And View Detail 1-64,text,true,,10990,215,26,26,https://jira-9.aandd.io/rest/api/2/issue/10301,685,0,0
1681289496058,702,HTTP Request Get Issue,200,,Thread Group Login And View Detail 1-62,text,true,,10990,215,25,25,https://jira-9.aandd.io/rest/api/2/issue/10301,702,0,0
1681289496058,702,HTTP Request Get Issue,200,,Thread Group Login And View Detail 1-62,text,true,,10990,215,25,25,https://jira-9.aandd.io/rest/api/2/issue/10301,702,0,0
1681289496097,671,HTTP Request Get Issue,200,,Thread Group Login And View Detail 1-94,text,true,,10989,215,24,24,https://jira-9.aandd.io/rest/api/2/issue/10301,671,0,0
1681289496097,671,HTTP Request Get Issue,200,,Thread Group Login And View Detail 1-94,text,true,,10989,215,24,24,https://jira-9.aandd.io/rest/api/2/issue/10301,671,0,0
1681289496100,679,HTTP Request Get Issue,200,,Thread Group Login And View Detail 1-77,text,true,,10987,215,23,23,https://jira-9.aandd.io/rest/api/2/issue/10301,679,0,0
1681289496100,679,HTTP Request Get Issue,200,,Thread Group Login And View Detail 1-77,text,true,,10987,215,23,23,https://jira-9.aandd.io/rest/api/2/issue/10301,679,0,0
1681289496096,700,HTTP Request Get Issue,200,,Thread Group Login And View Detail 1-61,text,true,,10990,215,22,22,https://jira-9.aandd.io/rest/api/2/issue/10301,700,0,0
1681289496096,700,HTTP Request Get Issue,200,,Thread Group Login And View Detail 1-61,text,true,,10990,215,22,22,https://jira-9.aandd.io/rest/api/2/issue/10301,700,0,0
1681289496229,586,HTTP Request Get Issue,200,,Thread Group Login And View Detail 1-91,text,true,,10989,215,21,21,https://jira-9.aandd.io/rest/api/2/issue/10301,586,0,0
1681289496229,586,HTTP Request Get Issue,200,,Thread Group Login And View Detail 1-91,text,true,,10989,215,21,21,https://jira-9.aandd.io/rest/api/2/issue/10301,586,0,0
1681289496076,745,HTTP Request Get Issue,200,,Thread Group Login And View Detail 1-60,text,true,,10985,215,20,20,https://jira-9.aandd.io/rest/api/2/issue/10301,745,0,0
1681289496076,745,HTTP Request Get Issue,200,,Thread Group Login And View Detail 1-60,text,true,,10985,215,20,20,https://jira-9.aandd.io/rest/api/2/issue/10301,745,0,0
1681289495984,845,HTTP Request Get Issue,200,,Thread Group Login And View Detail 1-59,text,true,,10990,215,19,19,https://jira-9.aandd.io/rest/api/2/issue/10301,845,0,0
1681289495984,845,HTTP Request Get Issue,200,,Thread Group Login And View Detail 1-59,text,true,,10990,215,19,19,https://jira-9.aandd.io/rest/api/2/issue/10301,845,0,0
1681289496232,604,HTTP Request Get Issue,200,,Thread Group Login And View Detail 1-84,text,true,,10989,215,18,18,https://jira-9.aandd.io/rest/api/2/issue/10301,604,0,0
1681289496232,604,HTTP Request Get Issue,200,,Thread Group Login And View Detail 1-84,text,true,,10989,215,18,18,https://jira-9.aandd.io/rest/api/2/issue/10301,604,0,0
1681289496163,693,HTTP Request Get Issue,200,,Thread Group Login And View Detail 1-93,text,true,,10990,215,17,17,https://jira-9.aandd.io/rest/api/2/issue/10301,693,0,0
1681289496163,693,HTTP Request Get Issue,200,,Thread Group Login And View Detail 1-93,text,true,,10990,215,17,17,https://jira-9.aandd.io/rest/api/2/issue/10301,693,0,0
1681289496058,960,HTTP Request Get Issue,200,,Thread Group Login And View Detail 1-66,text,true,,10990,215,16,16,https://jira-9.aandd.io/rest/api/2/issue/10301,960,0,0
1681289496058,960,HTTP Request Get Issue,200,,Thread Group Login And View Detail 1-66,text,true,,10990,215,16,16,https://jira-9.aandd.io/rest/api/2/issue/10301,960,0,0
1681289496232,807,HTTP Request Get Issue,200,,Thread Group Login And View Detail 1-81,text,true,,10991,215,15,15,https://jira-9.aandd.io/rest/api/2/issue/10301,806,0,0
1681289496232,807,HTTP Request Get Issue,200,,Thread Group Login And View Detail 1-81,text,true,,10991,215,15,15,https://jira-9.aandd.io/rest/api/2/issue/10301,806,0,0
1681289496245,794,HTTP Request Get Issue,200,,Thread Group Login And View Detail 1-88,text,true,,10988,215,15,15,https://jira-9.aandd.io/rest/api/2/issue/10301,794,0,0
1681289496245,794,HTTP Request Get Issue,200,,Thread Group Login And View Detail 1-88,text,true,,10988,215,15,15,https://jira-9.aandd.io/rest/api/2/issue/10301,794,0,0
1681289496267,777,HTTP Request Get Issue,200,,Thread Group Login And View Detail 1-90,text,true,,10988,215,13,13,https://jira-9.aandd.io/rest/api/2/issue/10301,777,0,0
1681289496267,777,HTTP Request Get Issue,200,,Thread Group Login And View Detail 1-90,text,true,,10988,215,13,13,https://jira-9.aandd.io/rest/api/2/issue/10301,777,0,0
1681289496152,901,HTTP Request Get Issue,200,,Thread Group Login And View Detail 1-43,text,true,,10991,215,12,12,https://jira-9.aandd.io/rest/api/2/issue/10301,901,0,0
1681289496152,901,HTTP Request Get Issue,200,,Thread Group Login And View Detail 1-43,text,true,,10991,215,12,12,https://jira-9.aandd.io/rest/api/2/issue/10301,901,0,0
1681289496322,743,HTTP Request Get Issue,200,,Thread Group Login And View Detail 1-74,text,true,,10990,215,11,11,https://jira-9.aandd.io/rest/api/2/issue/10301,743,0,0
1681289496322,743,HTTP Request Get Issue,200,,Thread Group Login And View Detail 1-74,text,true,,10990,215,11,11,https://jira-9.aandd.io/rest/api/2/issue/10301,743,0,0
1681289496498,576,HTTP Request Get Issue,200,,Thread Group Login And View Detail 1-98,text,true,,10989,215,10,10,https://jira-9.aandd.io/rest/api/2/issue/10301,576,0,0
1681289496498,576,HTTP Request Get Issue,200,,Thread Group Login And View Detail 1-98,text,true,,10989,215,10,10,https://jira-9.aandd.io/rest/api/2/issue/10301,576,0,0
1681289496232,848,HTTP Request Get Issue,200,,Thread Group Login And View Detail 1-83,text,true,,10990,215,9,9,https://jira-9.aandd.io/rest/api/2/issue/10301,848,0,0
1681289496232,848,HTTP Request Get Issue,200,,Thread Group Login And View Detail 1-83,text,true,,10990,215,9,9,https://jira-9.aandd.io/rest/api/2/issue/10301,848,0,0
1681289496326,763,HTTP Request Get Issue,200,,Thread Group Login And View Detail 1-100,text,true,,10991,215,8,8,https://jira-9.aandd.io/rest/api/2/issue/10301,763,0,0
1681289496326,763,HTTP Request Get Issue,200,,Thread Group Login And View Detail 1-100,text,true,,10991,215,8,8,https://jira-9.aandd.io/rest/api/2/issue/10301,763,0,0
1681289496253,843,HTTP Request Get Issue,200,,Thread Group Login And View Detail 1-95,text,true,,10991,215,7,7,https://jira-9.aandd.io/rest/api/2/issue/10301,843,0,0
1681289496253,843,HTTP Request Get Issue,200,,Thread Group Login And View Detail 1-95,text,true,,10991,215,7,7,https://jira-9.aandd.io/rest/api/2/issue/10301,843,0,0
1681289496233,869,HTTP Request Get Issue,200,,Thread Group Login And View Detail 1-92,text,true,,10986,215,6,6,https://jira-9.aandd.io/rest/api/2/issue/10301,869,0,0
1681289496233,869,HTTP Request Get Issue,200,,Thread Group Login And View Detail 1-92,text,true,,10986,215,6,6,https://jira-9.aandd.io/rest/api/2/issue/10301,869,0,0
1681289496333,781,HTTP Request Get Issue,200,,Thread Group Login And View Detail 1-76,text,true,,10990,215,5,5,https://jira-9.aandd.io/rest/api/2/issue/10301,781,0,0
1681289496333,781,HTTP Request Get Issue,200,,Thread Group Login And View Detail 1-76,text,true,,10990,215,5,5,https://jira-9.aandd.io/rest/api/2/issue/10301,781,0,0
1681289496126,998,HTTP Request Get Issue,200,,Thread Group Login And View Detail 1-96,text,true,,10989,215,4,4,https://jira-9.aandd.io/rest/api/2/issue/10301,998,0,0
1681289496126,998,HTTP Request Get Issue,200,,Thread Group Login And View Detail 1-96,text,true,,10989,215,4,4,https://jira-9.aandd.io/rest/api/2/issue/10301,998,0,0
1681289496498,631,HTTP Request Get Issue,200,,Thread Group Login And View Detail 1-80,text,true,,10984,215,3,3,https://jira-9.aandd.io/rest/api/2/issue/10301,631,0,0
1681289496498,631,HTTP Request Get Issue,200,,Thread Group Login And View Detail 1-80,text,true,,10984,215,3,3,https://jira-9.aandd.io/rest/api/2/issue/10301,631,0,0
1681289496498,640,HTTP Request Get Issue,200,,Thread Group Login And View Detail 1-99,text,true,,10989,215,2,2,https://jira-9.aandd.io/rest/api/2/issue/10301,640,0,0
1681289496498,640,HTTP Request Get Issue,200,,Thread Group Login And View Detail 1-99,text,true,,10989,215,2,2,https://jira-9.aandd.io/rest/api/2/issue/10301,640,0,0
1681289496120,1031,HTTP Request Get Issue,200,,Thread Group Login And View Detail 1-87,text,true,,10991,215,1,1,https://jira-9.aandd.io/rest/api/2/issue/10301,1031,0,0
1681289496120,1031,HTTP Request Get Issue,200,,Thread Group Login And View Detail 1-87,text,true,,10991,215,1,1,https://jira-9.aandd.io/rest/api/2/issue/10301,1031,0,0
